totalAssets,totalCurrentAssets,cashAndCashEquivalentsAtCarryingValue,cashAndShortTermInvestments,inventory,currentNetReceivables,totalNonCurrentAssets,propertyPlantEquipment,accumulatedDepreciationAmortizationPPE,intangibleAssets,intangibleAssetsExcludingGoodwill,goodwill,investments,longTermInvestments,shortTermInvestments,otherCurrentAssets,otherNonCurrentAssets,totalLiabilities,totalCurrentLiabilities,currentAccountsPayable,currentDebt,shortTermDebt,totalNonCurrentLiabilities,longTermDebt,longTermDebtNoncurrent,shortLongTermDebtTotal,otherCurrentLiabilities,otherNonCurrentLiabilities,totalShareholderEquity,retainedEarnings,commonStock,commonStockSharesOutstanding,date,grossProfit,totalRevenue,costOfRevenue,costofGoodsAndServicesSold,operatingIncome,sellingGeneralAndAdministrative,researchAndDevelopment,operatingExpenses,interestExpense,depreciationAndAmortization,incomeBeforeTax,incomeTaxExpense,ebit,ebitda,netIncome,operatingCashflow,paymentsForOperatingActivities,changeInOperatingLiabilities,changeInOperatingAssets,depreciationDepletionAndAmortization,capitalExpenditures,changeInReceivables,changeInInventory,profitLoss,cashflowFromInvestment,cashflowFromFinancing,proceedsFromRepaymentsOfShortTermDebt,paymentsForRepurchaseOfCommonStock,paymentsForRepurchaseOfEquity,dividendPayout,dividendPayoutCommonStock,proceedsFromIssuanceOfCommonStock,proceedsFromRepurchaseOfEquity,changeInCashAndCashEquivalents,EPS Estimate,Reported EPS,Surprise(%)
81612000000,52231000000,8823000000,36728000000,1150000000,8587000000,29381000000,7512000000,7853000000,14235000000,1653000000,12582000000,45068000000,6006000000,27905000000,3325000000,1628000000,40400000000,28761000000,3287000000,2250000000,2250000000,11639000000,3746000000,3746000000,5996000000,3052000000,6537000000,41212000000,-21081000000,62293000000,8900000000,2009-09-30,10078000000,12920000000,2842000000,2842000000,4482000000,3531000000,2065000000,5596000000,38000000,646000000,4765000000,1191000000,4803000000,5449000000,3574000000,6107000000,5000000,1850000000,-2748000000,646000000,435000000,-2748000000,419000000,3574000000,-1199000000,-2190000000,378000000,1540000000,1540000000,1157000000,1157000000,248000000,-1292000000,2747000000.0,0.42,0.45,6.95
82096000000,52487000000,9422000000,36099000000,589000000,11196000000,29609000000,7402000000,8170000000,13714000000,1346000000,12368000000,45068000000,6976000000,26677000000,2547000000,1517000000,37813000000,25715000000,3171000000,2249000000,2249000000,12098000000,3746000000,3746000000,5995000000,2885000000,6808000000,44283000000,-19605000000,62566000000,8811000000,2009-12-31,15394000000,19022000000,3628000000,3628000000,8513000000,4743000000,2079000000,6881000000,38000000,615000000,8883000000,2221000000,8921000000,9536000000,6662000000,4969000000,5000000,-623000000,2789000000,615000000,376000000,2789000000,-558000000,6662000000,-92000000,-4277000000,-475000000,3867000000,3867000000,1152000000,1152000000,729000000,-3138000000,599000000.0,0.42,0.45,6.95
84910000000,54518000000,8155000000,39666000000,501000000,9137000000,30392000000,7372000000,8393000000,13745000000,1282000000,12463000000,45068000000,7797000000,31511000000,2992000000,1478000000,39200000000,26424000000,3279000000,2249000000,2249000000,12776000000,3746000000,3746000000,5995000000,3145000000,7113000000,45710000000,-16807000000,62517000000,8762000000,2010-03-31,11748000000,14503000000,2755000000,2755000000,5173000000,4355000000,2220000000,6575000000,38000000,694000000,5341000000,1335000000,5379000000,6073000000,4006000000,7393000000,5000000,-117000000,-1947000000,694000000,408000000,-1947000000,-77000000,4006000000,-5904000000,-2726000000,-349000000,2023000000,2023000000,1139000000,1139000000,422000000,-1601000000,-1267000000.0,0.42,0.45,6.95
86113000000,55676000000,5505000000,36788000000,740000000,13014000000,30437000000,7630000000,8629000000,1158000000,1158000000,12394000000,45068000000,7754000000,31283000000,2950000000,1501000000,39938000000,26147000000,4025000000,1000000000,1000000000,14027000000,4900000000,4939000000,5900000000,2931000000,7445000000,46175000000,-16681000000,62856000000,8668000000,2010-06-30,12869000000,16039000000,3170000000,3170000000,5930000000,4589000000,2350000000,7937000000,37000000,718000000,6024000000,1506000000,6061000000,7714000000,4518000000,5604000000,5000000,-2612000000,4144000000,718000000,758000000,4144000000,260000000,12869000000,-4119000000,-4098000000,-545000000,3839000000,3839000000,1127000000,1127000000,912000000,-1127000000,-2650000000.0,0.46,0.51,9.82
91540000000,59581000000,8161000000,44173000000,1242000000,9646000000,31959000000,7771000000,8942000000,13548000000,1077000000,12471000000,53384000000,9211000000,36012000000,2176000000,1429000000,44598000000,25857000000,3654000000,1000000000,1000000000,25441000000,9700000000,9665000000,10700000000,3139000000,7384000000,46942000000,-14993000000,61935000000,8562000000,2010-09-30,13056000000,16195000000,3139000000,3139000000,7116000000,3744000000,2196000000,5990000000,45000000,124000000,7230000000,1820000000,7275000000,7399000000,5410000000,8194000000,5000000,327000000,-3206000000,124000000,564000000,-3674000000,468000000,5410000000,-4957000000,-639000000,814000000,4399000000,4399000000,1118000000,1118000000,177000000,-4222000000,2656000000.0,0.55,0.62,12.98
92306000000,59684000000,4023000000,41252000000,861000000,12874000000,32622000000,7799000000,9279000000,13494000000,992000000,12502000000,51274000000,10022000000,37229000000,2149000000,1307000000,43825000000,24312000000,3863000000,0,0,26413000000,9700000000,9671000000,9700000000,3190000000,7662000000,48481000000,-13165000000,61646000000,8403000000,2010-12-31,15120000000,19953000000,4833000000,4833000000,8165000000,4770000000,2185000000,6919000000,72000000,126000000,8497000000,1863000000,8569000000,8695000000,6634000000,4186000000,5000000,663000000,2890000000,126000000,491000000,3270000000,-380000000,6634000000,-1570000000,-6751000000,-2000000000,5052000000,5052000000,1363000000,1363000000,660000000,-4392000000,-4138000000.0,0.68,0.77,12.57
99727000000,66263000000,7021000000,50150000000,1056000000,10033000000,33464000000,7969000000,9564000000,13394000000,840000000,12554000000,104027000000,10748000000,43129000000,2438000000,1353000000,46275000000,24042000000,3829000000,0,0,29433000000,11900000000,11915000000,11900000000,3325000000,8001000000,53452000000,-9782000000,63234000000,8431000000,2011-03-31,12531000000,16428000000,3897000000,3897000000,5709000000,4553000000,2269000000,6971000000,84000000,162000000,6025000000,793000000,6109000000,6271000000,5232000000,8672000000,5000000,7045000000,-2235000000,162000000,658000000,-3031000000,170000000,5232000000,-7139000000,1437000000,0,848000000,848000000,1349000000,1349000000,1405000000,557000000,2998000000.0,0.56,0.61,9.74
108704000000,74918000000,9610000000,52772000000,1372000000,14987000000,33786000000,8162000000,9829000000,13325000000,744000000,12581000000,107332000000,10865000000,43162000000,3320000000,1434000000,51621000000,28774000000,4197000000,0,0,30919000000,11900000000,11921000000,11900000000,3492000000,8072000000,57083000000,-8195000000,63415000000,8376000000,2011-06-30,13659000000,17367000000,3708000000,3708000000,6171000000,5095000000,2393000000,7325000000,94000000,125000000,6319000000,445000000,6413000000,6538000000,5874000000,5942000000,183000000,12277000000,6071000000,1588000000,642000000,4886000000,303000000,13659000000,-950000000,-2423000000,0,1256000000,1256000000,1350000000,1350000000,180000000,-1076000000,2589000000.0,0.58,0.69,19.88
107415000000,75271000000,12881000000,57403000000,2270000000,10153000000,32144000000,8033000000,10209000000,13563000000,1026000000,12537000000,110501000000,8576000000,44522000000,3255000000,1972000000,48024000000,25543000000,3719000000,1231000000,4234000000,29981000000,11900000000,11927000000,11900000000,3245000000,8201000000,59391000000,-4101000000,63492000000,8410000000,2011-09-30,13595000000,17372000000,3777000000,3777000000,7203000000,4063000000,2329000000,6392000000,94000000,109000000,7306000000,1568000000,7400000000,7509000000,5738000000,8493000000,70000000,4758000000,-3998000000,109000000,436000000,-4733000000,920000000,5738000000,-2315000000,-2869000000,0,1934000000,1934000000,1341000000,1341000000,336000000,-1598000000,3271000000.0,0.68,0.68,0.38
112243000000,72513000000,10610000000,51736000000,1351000000,13643000000,39730000000,8010000000,10546000000,19670000000,2581000000,19670000000,100412000000,7550000000,41126000000,3614000000,1919000000,48122000000,25373000000,3884000000,1231000000,4447000000,30449000000,11900000000,11932000000,11900000000,3057000000,8386000000,64121000000,219000000,63902000000,8382000000,2011-12-31,15247000000,20885000000,5638000000,5638000000,7994000000,4882000000,2371000000,7253000000,95000000,155000000,8239000000,1615000000,8334000000,8489000000,6624000000,5862000000,4000000,7978000000,2126000000,155000000,498000000,3652000000,-891000000,6624000000,-5568000000,-2513000000,0,1042000000,1042000000,1683000000,1683000000,208000000,-834000000,-2271000000.0,0.76,0.78,2.93
118010000000,76860000000,6388000000,59529000000,1412000000,10961000000,41150000000,8225000000,10952000000,22454000000,2756000000,19698000000,122182000000,9068000000,53141000000,2608000000,1403000000,49351000000,26170000000,3790000000,1231000000,5440000000,31081000000,22626000000,11938000000,22626000000,3011000000,8525000000,68659000000,3386000000,65273000000,8400000000,2012-03-31,13455000000,17407000000,3952000000,3952000000,6374000000,4564000000,2517000000,7081000000,95000000,142000000,6363000000,1255000000,6458000000,6600000000,5108000000,9594000000,10000000,9047000000,-2802000000,142000000,749000000,-2770000000,50000000,5108000000,-12241000000,-1605000000,0,1023000000,1023000000,1683000000,1683000000,1091000000,68000000,-4222000000.0,0.57,0.6,4.38
121271000000,85084000000,6938000000,63040000000,1137000000,15780000000,34294000000,8269000000,10962000000,16622000000,3170000000,13452000000,129759000000,9776000000,56102000000,3092000000,1520000000,54908000000,32688000000,4175000000,1231000000,1231000000,30428000000,11900000000,10713000000,11900000000,3151000000,8208000000,66363000000,566000000,65797000000,8381000000,2012-06-30,13896000000,18059000000,4163000000,4163000000,192000000,4917000000,2594000000,13704000000,96000000,152000000,359000000,851000000,455000000,607000000,-492000000,7677000000,353000000,14874000000,5401000000,2352000000,622000000,5007000000,-263000000,7703000000,-4662000000,-2421000000,0,1030000000,1030000000,1678000000,1678000000,278000000,-752000000,550000000.0,0.62,0.67,8.48
121876000000,84051000000,5036000000,66644000000,1624000000,9871000000,37825000000,8329000000,11401000000,17889000000,3423000000,14466000000,138613000000,10038000000,61608000000,3860000000,1569000000,53040000000,31402000000,3631000000,2236000000,2236000000,29438000000,12000000000,9714000000,12000000000,3312000000,8423000000,68836000000,932000000,66084000000,8422000000,2012-09-30,11840000000,16008000000,4168000000,4168000000,5308000000,4072000000,2460000000,6532000000,95000000,178000000,5534000000,1068000000,5629000000,5807000000,4466000000,8484000000,177000000,6538000000,-5065000000,178000000,603000000,-6156000000,473000000,4466000000,-7719000000,-2714000000,0,1632000000,1632000000,1676000000,1676000000,417000000,-1215000000,-1902000000.0,0.56,0.53,-5.47
128683000000,89574000000,6017000000,68312000000,1661000000,14317000000,39109000000,8698000000,11773000000,18068000000,3341000000,14727000000,141674000000,10707000000,62295000000,3301000000,1636000000,56107000000,31910000000,4356000000,2241000000,2241000000,31897000000,14200000000,11947000000,14200000000,3366000000,8397000000,72576000000,4236000000,66334000000,8374000000,2012-12-31,15764000000,21456000000,5692000000,5692000000,7771000000,5465000000,2528000000,7993000000,105000000,198000000,7770000000,1393000000,7875000000,8073000000,6377000000,4780000000,9000000,11572000000,4451000000,198000000,930000000,4488000000,33000000,6377000000,-2593000000,-1221000000,0,1658000000,1658000000,1933000000,1933000000,145000000,-1513000000,981000000.0,0.75,0.76,1.93
134105000000,93524000000,5240000000,74483000000,2133000000,11991000000,40581000000,9204000000,12247000000,17922000000,3240000000,14682000000,155299000000,11193000000,69243000000,3241000000,2262000000,57417000000,31929000000,4532000000,2246000000,2816000000,34588000000,14200000000,11949000000,14200000000,3913000000,9721000000,76688000000,7657000000,66826000000,8349000000,2013-03-31,15702000000,20489000000,4787000000,4787000000,7612000000,5450000000,2640000000,8090000000,109000000,187000000,7603000000,1548000000,7712000000,7899000000,6055000000,9666000000,6000000,11556000000,-1834000000,187000000,930000000,-2191000000,483000000,6055000000,-7660000000,-2744000000,0,1028000000,1028000000,1925000000,1925000000,203000000,-825000000,-777000000.0,0.68,0.72,5.97
142431000000,101466000000,3804000000,77022000000,1938000000,17486000000,39256000000,9991000000,12513000000,14655000000,3083000000,14655000000,88786000000,10844000000,73218000000,3388000000,2392000000,63487000000,37417000000,4828000000,2999000000,0,35780000000,15600000000,12601000000,15600000000,3597000000,10000000000,78944000000,9895000000,67306000000,8328000000,2013-06-30,14294000000,20032000000,5738000000,5602000000,6073000000,5438000000,2783000000,8085000000,120000000,176000000,6145000000,1180000000,6265000000,6441000000,4965000000,5903000000,388000000,16428000000,5664000000,2776000000,1794000000,5666000000,-187000000,14294000000,-5839000000,-1469000000,0,1042000000,1042000000,1921000000,1921000000,166000000,-876000000,-1436000000.0,0.75,0.66,-11.96
142348000000,99450000000,4023000000,80672000000,2613000000,11007000000,42898000000,10774000000,13038000000,17649000000,2982000000,14667000000,93083000000,11995000000,76649000000,3900000000,2480000000,60707000000,34623000000,4841000000,3300000000,1300000000,35084000000,14600000000,12632000000,15900000000,3625000000,9587000000,81641000000,11680000000,67230000000,8346000000,2013-09-30,13384000000,18529000000,5145000000,5145000000,6334000000,4314000000,2767000000,7050000000,118000000,162000000,6408000000,1164000000,6526000000,6688000000,5244000000,8205000000,205000000,5444000000,-5313000000,162000000,1231000000,-6617000000,667000000,5244000000,-4614000000,-3396000000,712000000,2188000000,2188000000,1916000000,1916000000,203000000,-1985000000,219000000.0,0.54,0.62,15.1
153543000000,106870000000,10059000000,83944000000,1594000000,15986000000,46673000000,11567000000,13686000000,17625000000,2945000000,14680000000,98551000000,14607000000,73885000000,4018000000,2874000000,68443000000,33742000000,5398000000,2300000000,300000000,43901000000,22700000000,20676000000,23000000000,3920000000,9790000000,85100000000,14347000000,67476000000,8300000000,2013-12-31,16197000000,24519000000,8322000000,8322000000,7969000000,5518000000,2748000000,8228000000,135000000,166000000,7878000000,1320000000,8013000000,8179000000,6558000000,4413000000,20000000,10986000000,4256000000,166000000,1732000000,4875000000,-1029000000,6558000000,-1025000000,2615000000,-712000000,2113000000,2113000000,2332000000,2332000000,117000000,-1996000000,6036000000.0,0.68,0.78,14.83
156119000000,109006000000,11572000000,88425000000,1920000000,13497000000,47113000000,11771000000,14441000000,17652000000,2901000000,14751000000,103199000000,14792000000,76853000000,3740000000,2898000000,68695000000,33903000000,4583000000,2000000000,0,44192000000,22700000000,20679000000,22700000000,4275000000,9953000000,87424000000,16289000000,67803000000,8260000000,2014-03-31,14425000000,20403000000,5978000000,5978000000,6974000000,4745000000,2743000000,7451000000,175000000,170000000,6957000000,1297000000,7132000000,7302000000,5660000000,10099000000,22000000,10529000000,-2444000000,170000000,1192000000,-2501000000,324000000,5660000000,-4284000000,-4304000000,0,1845000000,1845000000,2322000000,2322000000,141000000,-1704000000,1513000000.0,0.63,0.68,8.02
172384000000,114246000000,8669000000,85709000000,2660000000,19544000000,55410000000,13011000000,14793000000,27108000000,6981000000,20127000000,100811000000,14597000000,77040000000,4392000000,3422000000,82600000000,45625000000,7432000000,2000000000,2000000000,47485000000,20600000000,20645000000,22600000000,6906000000,11594000000,89784000000,17710000000,68366000000,8239000000,2014-06-30,15749000000,23382000000,7633000000,7595000000,6482000000,6055000000,3123000000,9267000000,169000000,347000000,6577000000,1965000000,6746000000,7093000000,4612000000,15787000000,533000000,19928000000,5439000000,3747000000,1330000000,5363000000,199000000,15787000000,-8910000000,-3309000000,500000000,1170000000,1170000000,2309000000,2309000000,146000000,-1024000000,-2903000000.0,0.6,0.55,-8.65
169656000000,112439000000,6302000000,89193000000,3141000000,12887000000,57217000000,13229000000,15373000000,26774000000,6693000000,20081000000,103136000000,13943000000,82891000000,5434000000,3271000000,79486000000,44694000000,6769000000,5248000000,3500000000,45492000000,20200000000,18472000000,23700000000,7130000000,11781000000,90170000000,18051000000,68362000000,8255000000,2014-09-30,14928000000,23201000000,8273000000,8273000000,5844000000,4879000000,3065000000,7944000000,161000000,372000000,5896000000,1356000000,6057000000,6429000000,4540000000,14610000000,672000000,6386000000,-6143000000,372000000,1282000000,-6627000000,483000000,4540000000,-7737000000,-2978000000,2999000000,2888000000,2888000000,2307000000,2307000000,216000000,-2672000000,-2367000000.0,0.49,0.54,11.23
174848000000,116362000000,6426000000,90249000000,2053000000,16186000000,58486000000,13607000000,16192000000,29154000000,7299000000,21855000000,102914000000,12665000000,83823000000,6173000000,3060000000,82969000000,47415000000,6932000000,10048000000,8299000000,46854000000,20000000000,18260000000,28300000000,6623000000,12423000000,91879000000,19731000000,68765000000,8218000000,2014-12-31,16334000000,26470000000,10136000000,10136000000,7776000000,5412000000,2903000000,8558000000,162000000,329000000,7850000000,1987000000,8012000000,8341000000,5863000000,6413000000,22000000,10002000000,2297000000,329000000,1490000000,3378000000,-1070000000,5863000000,-4716000000,534000000,4798000000,2145000000,2145000000,2547000000,2547000000,121000000,-2024000000,124000000.0,0.71,0.75,5.14
176683000000,118398000000,7414000000,95438000000,2469000000,12427000000,58285000000,14375000000,16839000000,28691000000,6963000000,21728000000,107457000000,12019000000,88024000000,6376000000,3200000000,86551000000,40748000000,6690000000,4224000000,1725000000,57603000000,30100000000,27644000000,31800000000,6846000000,13274000000,90132000000,18186000000,68475000000,8113000000,2015-03-31,14568000000,21729000000,7161000000,7161000000,6594000000,4800000000,2984000000,7974000000,211000000,361000000,6517000000,1532000000,6728000000,7089000000,4985000000,16817000000,31000000,10465000000,-3006000000,361000000,1391000000,-3655000000,430000000,4985000000,-5481000000,-3065000000,-6575000000,5131000000,5131000000,2532000000,2532000000,146000000,-4985000000,988000000.0,0.51,0.61,20.45
174472000000,122797000000,5595000000,96526000000,2902000000,17908000000,48676000000,14731000000,17606000000,21774000000,4835000000,16939000000,108579000000,12053000000,90931000000,5461000000,3117000000,94389000000,49647000000,6591000000,7484000000,4985000000,59826000000,30300000000,27808000000,35285000000,6555000000,13544000000,80083000000,9096000000,68465000000,8027000000,2015-06-30,14712000000,22180000000,7468000000,7468000000,-2053000000,5233000000,3094000000,16765000000,247000000,200000000,-1756000000,1439000000,-1509000000,-1309000000,-3195000000,14712000000,736000000,18140000000,5260000000,4300000000,1781000000,5448000000,429000000,14712000000,-5067000000,-3571000000,3259000000,4279000000,4279000000,2496000000,2496000000,151000000,-4128000000,-1819000000.0,0.56,0.6,6.57
172896000000,121656000000,5431000000,99355000000,3816000000,11444000000,51240000000,15046000000,18009000000,21887000000,4745000000,17142000000,110793000000,11438000000,93924000000,5594000000,2869000000,95451000000,49399000000,6630000000,10748000000,9998000000,57952000000,28600000000,27819000000,38598000000,6207000000,13280000000,77445000000,7896000000,68093000000,7986000000,2015-09-30,13172000000,20379000000,7207000000,4035000000,5793000000,4417000000,2962000000,7621000000,249000000,242000000,5513000000,611000000,5762000000,6004000000,4902000000,15022000000,421000000,8148000000,-5154000000,242000000,1356000000,-6376000000,937000000,4620000000,-5066000000,-3648000000,4890000000,4757000000,4757000000,2475000000,2475000000,219000000,-4538000000,-164000000.0,0.59,0.67,14.34
180098000000,127812000000,7185000000,102640000000,2702000000,14507000000,52286000000,15789000000,18008000000,22055000000,4619000000,17436000000,114129000000,11514000000,95455000000,6345000000,2928000000,103318000000,42643000000,6936000000,3750000000,3000000000,72975000000,41400000000,40679000000,44400000000,6447000000,13700000000,76780000000,7030000000,68279000000,7925000000,2015-12-31,13924000000,23796000000,9872000000,6268000000,6026000000,4998000000,2900000000,8147000000,309000000,249000000,5855000000,837000000,6164000000,6413000000,5018000000,9211000000,20000000,13414000000,2870000000,249000000,2024000000,3118000000,-1104000000,4998000000,-3328000000,-498000000,-7031000000,3678000000,3678000000,2868000000,2868000000,117000000,-3561000000,1754000000.0,0.71,0.78,9.44
181869000000,128421000000,7170000000,105552000000,2450000000,12247000000,53448000000,16831000000,18885000000,22407000000,4459000000,17948000000,116842000000,11315000000,98382000000,6598000000,2895000000,107063000000,44354000000,6759000000,5498000000,5498000000,62709000000,40900000000,40896000000,46398000000,5887000000,14122000000,74806000000,4954000000,68012000000,7870000000,2016-03-31,12809000000,20531000000,7722000000,3801000000,5283000000,4546000000,2980000000,7775000000,340000000,249000000,5036000000,1280000000,5376000000,5625000000,3756000000,17939000000,-170000000,13910000000,-2116000000,249000000,2308000000,-2288000000,-241000000,3756000000,-5483000000,-4916000000,2622000000,3857000000,3857000000,2842000000,2842000000,159000000,-3698000000,-15000000.0,0.64,0.62,-2.73
193468000000,139660000000,6510000000,113240000000,2251000000,18277000000,54034000000,18356000000,19800000000,21605000000,3733000000,17872000000,123646000000,10431000000,106730000000,5892000000,3416000000,121471000000,59357000000,6898000000,12904000000,12904000000,74140000000,40600000000,40557000000,53504000000,5949000000,13640000000,83090000000,2282000000,68178000000,7808000000,2016-06-30,12635000000,20614000000,7979000000,18676000000,3080000000,5299000000,3146000000,9814000000,345000000,238000000,5494000000,2372000000,5839000000,6077000000,3122000000,-8796000000,1186000000,20662000000,5236000000,5138000000,2655000000,6076000000,-192000000,3080000000,-10073000000,971000000,6714000000,3677000000,3677000000,2821000000,2821000000,173000000,-3504000000,-660000000.0,0.58,0.69,18.82
212524000000,157909000000,13928000000,136932000000,3122000000,11129000000,54615000000,19224000000,20885000000,21429000000,3522000000,17907000000,147392000000,10486000000,123004000000,6726000000,3476000000,142152000000,58810000000,6296000000,14536000000,14536000000,95642000000,60200000000,60154000000,74736000000,7123000000,14340000000,82462000000,944000000,67747000000,7784000000,2016-09-30,14084000000,21928000000,7844000000,3581000000,6715000000,4278000000,3106000000,7598000000,437000000,214000000,6827000000,1160000000,7264000000,7478000000,5667000000,11549000000,176000000,12228000000,-5312000000,214000000,2163000000,-7174000000,867000000,4690000000,-18470000000,14329000000,-3390000000,4362000000,4362000000,2800000000,2800000000,241000000,-4121000000,7418000000.0,0.68,0.76,11.27
224610000000,144949000000,8468000000,122781000000,1961000000,14343000000,79661000000,21379000000,21888000000,45525000000,11001000000,34524000000,131667000000,8912000000,114313000000,5864000000,3845000000,155801000000,70787000000,6580000000,25664000000,25065000000,98314000000,59900000000,59306000000,84965000000,6688000000,15980000000,81829000000,120000000000,68177000000,7730000000,2016-12-31,15925000000,25826000000,9901000000,5378000000,7905000000,4950000000,3062000000,8327000000,521000000,315000000,8022000000,1755000000,8543000000,8858000000,6267000000,6293000000,109000000,13557000000,513000000,315000000,1988000000,2711000000,-1132000000,5200000000,-14751000000,3016000000,-3755000000,3599000000,3599000000,3024000000,3024000000,131000000,-3468000000,-5460000000.0,0.79,0.84,6.2
225017000000,146313000000,6713000000,126018000000,1979000000,12882000000,78704000000,21962000000,22992000000,45215000000,10547000000,34668000000,133399000000,7381000000,119305000000,5434000000,4146000000,155288000000,52005000000,6217000000,7786000000,7187000000,117683000000,76800000000,76222000000,83987000000,6025000000,17381000000,83491000000,531000000,68554000000,7723000000,2017-03-31,15152000000,23212000000,8060000000,3075000000,6723000000,5081000000,3355000000,8996000000,609000000,560000000,7094000000,1608000000,7703000000,8263000000,5486000000,10660000000,118000000,17411000000,-1420000000,560000000,1695000000,-1487000000,16000000,4801000000,-6191000000,-6236000000,-1302000000,2062000000,2062000000,3012000000,3012000000,179000000,-1883000000,-1755000000.0,0.7,0.73,4.66
250312000000,162696000000,7663000000,132981000000,2181000000,19792000000,81235000000,23734000000,24179000000,45228000000,10106000000,35122000000,139004000000,6023000000,125318000000,5103000000,6076000000,162601000000,55745000000,7390000000,10121000000,9072000000,117665000000,77100000000,76073000000,86172000000,7684000000,3549000000,87711000000,17769000000,69315000000,7708000000,2017-06-30,17149000000,25605000000,8456000000,22227000000,7682000000,5711000000,3514000000,10131000000,655000000,600000000,7958000000,-111000000,8613000000,9213000000,8069000000,11005000000,1665000000,26515000000,6567000000,6700000000,2283000000,6875000000,199000000,5330000000,-7369000000,-2701000000,3484000000,1765000000,1765000000,3009000000,3009000000,221000000,-1544000000,950000000.0,0.71,0.98,38.93
249097000000,161031000000,6884000000,138471000000,3211000000,14561000000,82822000000,24809000000,25523000000,44987000000,9598000000,35389000000,143814000000,5343000000,131587000000,4788000000,6083000000,159450000000,51615000000,6866000000,9220000000,8170000000,115967000000,77300000000,76255000000,85470000000,7520000000,4229000000,89647000000,19702000000,69419000000,7720000000,2017-09-30,16260000000,24538000000,8278000000,8278000000,7708000000,4978000000,3574000000,9115000000,672000000,563000000,7984000000,1408000000,8656000000,9219000000,6576000000,12440000000,184000000,-3362000000,-6330000000,563000000,2132000000,-7949000000,1023000000,6576000000,-6904000000,-6341000000,-3710000000,2570000000,2570000000,3003000000,3003000000,307000000,-2263000000,-779000000.0,0.72,0.84,16.55
256003000000,167633000000,12859000000,142780000000,2003000000,18428000000,83221000000,26304000000,26849000000,44389000000,9034000000,35355000000,146741000000,3961000000,129921000000,4422000000,6967000000,177643000000,58099000000,7850000000,15912000000,12466000000,113904000000,76800000000,73348000000,89266000000,7787000000,4820000000,78360000000,8567000000,70192000000,7705000000,2017-12-31,17854000000,28918000000,11064000000,11064000000,8679000000,5671000000,3504000000,9737000000,698000000,562000000,9169000000,15471000000,9867000000,10429000000,-6302000000,7875000000,123000000,16337000000,2693000000,562000000,2586000000,3908000000,-1205000000,-6302000000,-331000000,-1552000000,3759000000,2008000000,2008000000,3238000000,3238000000,189000000,-1819000000,5975000000.0,0.86,0.96,11.0
245497000000,156659000000,9221000000,132270000000,2084000000,17208000000,83579000000,27929000000,28377000000,44126000000,8544000000,35582000000,135088000000,2818000000,123049000000,5097000000,7106000000,166258000000,46133000000,7623000000,3677000000,230000000,114374000000,76900000000,73480000000,77130000000,7500000000,5223000000,79239000000,9974000000,70418000000,7690000000,2018-03-31,17550000000,26819000000,9269000000,9269000000,8292000000,5543000000,3715000000,9818000000,691000000,560000000,8641000000,1217000000,9332000000,9892000000,7424000000,12151000000,90000000,1034000000,-848000000,560000000,2934000000,-1285000000,75000000,7424000000,3844000000,-19658000000,-7373000000,3781000000,3781000000,3232000000,3232000000,251000000,-3530000000,-3638000000.0,0.85,0.95,11.86
258848000000,169662000000,11946000000,133768000000,2662000000,26481000000,84300000000,29460000000,29223000000,43736000000,8053000000,35683000000,129579000000,1862000000,121822000000,6751000000,7442000000,176130000000,58488000000,8617000000,3998000000,0,112074000000,76200000000,72242000000,76200000000,8744000000,5211000000,82718000000,13682000000,71223000000,7677000000,2018-06-30,20343000000,30085000000,34165000000,9742000000,10379000000,6031000000,3933000000,10464000000,672000000,500000000,10680000000,1807000000,11352000000,11852000000,8873000000,11418000000,1300000000,12022000000,10049000000,8200000000,3980000000,9188000000,572000000,10379000000,-2670000000,-6039000000,0,2362000000,2362000000,3226000000,3226000000,255000000,-2107000000,2725000000.0,1.08,1.13,5.02
257619000000,164195000000,15137000000,135880000000,3614000000,17390000000,88490000000,31430000000,30953000000,43434000000,7579000000,35855000000,131941000000,2034000000,120743000000,7311000000,9792000000,171652000000,56277000000,8511000000,6497000000,0,109723000000,76200000000,69733000000,76200000000,7953000000,5539000000,85967000000,17279000000,71303000000,7680000000,2018-09-30,19179000000,28615000000,15708000000,9905000000,9955000000,5247000000,3977000000,9780000000,674000000,556000000,10221000000,1397000000,10895000000,11451000000,8824000000,13657000000,452000000,-6206000000,-7582000000,556000000,3602000000,-9194000000,956000000,8824000000,-2953000000,-7384000000,0,3744000000,3744000000,3220000000,3220000000,360000000,-3384000000,3191000000.0,0.96,1.14,18.37
258859000000,156874000000,6638000000,127662000000,1961000000,19680000000,97079000000,32717000000,33082000000,50059000000,8482000000,41577000000,124407000000,2274000000,121024000000,7571000000,10129000000,166731000000,50318000000,7563000000,3516000000,0,110730000000,73200000000,69653000000,73200000000,8297000000,6055000000,92128000000,16585000000,77556000000,7683000000,2018-12-31,20048000000,31796000000,18673000000,12423000000,10258000000,5720000000,4070000000,10320000000,672000000,530000000,10385000000,1965000000,11057000000,11587000000,8420000000,8900000000,466000000,-2002000000,1388000000,530000000,3707000000,2396000000,-1654000000,8420000000,-4200000000,-13216000000,0,6413000000,6413000000,3544000000,3544000000,200000000,-6213000000,-8499000000.0,1.09,1.1,0.7
263281000000,159887000000,11212000000,131618000000,1951000000,19269000000,98273000000,33648000000,35431000000,49964000000,8103000000,41861000000,127455000000,2403000000,120406000000,7049000000,10258000000,168417000000,53861000000,7544000000,6515000000,0,108584000000,73100000000,66585000000,73100000000,7837000000,6763000000,94864000000,18338000000,77791000000,7666000000,2019-03-31,20401000000,29993000000,16345000000,10170000000,10341000000,5744000000,4316000000,10491000000,671000000,431000000,10486000000,1677000000,11157000000,11588000000,8809000000,13520000000,490000000,1087000000,59000000,431000000,2565000000,-460000000,-12000000,8809000000,-1363000000,-7601000000,0,4753000000,4753000000,3526000000,3526000000,274000000,-4479000000,4574000000.0,1.0,1.14,14.15
286556000000,175552000000,11356000000,133819000000,2063000000,29524000000,105825000000,36477000000,35330000000,49776000000,7750000000,42026000000,129789000000,2649000000,122463000000,10146000000,14723000000,184226000000,69420000000,9382000000,5516000000,0,108618000000,72178000000,66662000000,72200000000,9351000000,7581000000,102330000000,24150000000,78520000000,7643000000,2019-06-30,23305000000,33717000000,17199000000,10412000000,12405000000,6387000000,4513000000,11300000000,669000000,400000000,12596000000,-591000000,13265000000,13665000000,13187000000,16108000000,509000000,16754000000,11902000000,10100000000,4051000000,10070000000,113000000,12405000000,-7257000000,-8686000000,0,4633000000,4633000000,3521000000,3521000000,308000000,-4325000000,144000000.0,1.21,1.37,12.95
278955000000,165896000000,13117000000,136636000000,2622000000,19087000000,115359000000,38409000000,36971000000,49621000000,7508000000,42113000000,131971000000,2684000000,123519000000,7551000000,14455000000,172894000000,58118000000,8574000000,3017000000,3017000000,114776000000,69495000000,66478000000,69495000000,8507000000,8826000000,106061000000,27240000000,78882000000,7634000000,2019-09-30,22649000000,32428000000,16363000000,10406000000,12686000000,5398000000,4565000000,10522000000,637000000,559000000,12686000000,2008000000,13323000000,13882000000,10678000000,13818000000,531000000,-9685000000,-8758000000,559000000,3385000000,-10090000000,561000000,10678000000,-1776000000,-10209000000,0,4912000000,4912000000,3510000000,3510000000,427000000,-4485000000,1761000000.0,1.25,1.38,10.83
282794000000,167074000000,8864000000,134253000000,1823000000,23525000000,118120000000,40522000000,39597000000,49374000000,7126000000,42248000000,129483000000,2755000000,125389000000,7473000000,14630000000,172685000000,59640000000,8811000000,6247000000,6247000000,113045000000,69608000000,63361000000,69608000000,9131000000,9658000000,110109000000,30739000000,79625000000,7611000000,2019-12-31,24548000000,36322000000,18986000000,12358000000,13891000000,6054000000,4603000000,11231000000,654000000,574000000,14085000000,2436000000,14739000000,15313000000,11649000000,10680000000,563000000,-1500000000,3756000000,574000000,3545000000,4203000000,-799000000,11649000000,-6036000000,-8915000000,0,5206000000,5206000000,3886000000,3886000000,234000000,-4972000000,-4253000000.0,1.32,1.51,14.49
285449000000,170505000000,11710000000,137626000000,1644000000,22699000000,117444000000,41221000000,41512000000,48919000000,6855000000,42064000000,132104000000,2660000000,125916000000,8536000000,13696000000,170948000000,58707000000,9246000000,3748000000,3748000000,112241000000,66610000000,62862000000,66610000000,9151000000,9673000000,114501000000,32012000000,79813000000,7590000000,2020-03-31,24046000000,34315000000,17650000000,10975000000,12975000000,6184000000,4887000000,11562000000,614000000,491000000,12843000000,2091000000,13457000000,13948000000,10752000000,17504000000,592000000,1160000000,-1290000000,491000000,3767000000,-891000000,-181000000,10752000000,51000000,-14645000000,0,7059000000,7059000000,3876000000,3876000000,342000000,-6717000000,2846000000.0,1.26,1.4,10.7
301311000000,181915000000,13576000000,136527000000,1895000000,32011000000,122096000000,44151000000,43197000000,50389000000,7038000000,43351000000,130044000000,2965000000,122951000000,11482000000,13138000000,183007000000,72310000000,12530000000,3749000000,3749000000,110697000000,63327000000,59578000000,63327000000,10027000000,10632000000,118304000000,34566000000,80552000000,7571000000,2020-06-30,25694000000,38033000000,20161000000,12339000000,13407000000,7073000000,5214000000,13036000000,686000000,588000000,13422000000,2220000000,14108000000,14696000000,11202000000,18673000000,479000000,14318000000,12068000000,11288000000,4744000000,9355000000,251000000,13407000000,-4462000000,-12262000000,0,5791000000,5791000000,3865000000,3865000000,340000000,-5451000000,13407000000.0,1.34,1.46,8.72
301001000000,177077000000,17205000000,137977000000,2705000000,23951000000,126624000000,47927000000,45417000000,50813000000,6923000000,43890000000,131702000000,3103000000,120772000000,13544000000,13034000000,177609000000,70056000000,12509000000,6497000000,6497000000,107553000000,63552000000,57055000000,63552000000,9476000000,11525000000,123392000000,39193000000,81089000000,7564000000,2020-09-30,26152000000,36724000000,16941000000,11002000000,15876000000,5350000000,4926000000,10865000000,589000000,589000000,16124000000,2231000000,16713000000,17302000000,13893000000,19335000000,583000000,-6439000000,-7919000000,589000000,4907000000,-8843000000,808000000,13893000000,-5371000000,-10289000000,0,6743000000,6743000000,3856000000,3856000000,545000000,-6198000000,3629000000.0,1.54,1.82,17.91
304137000000,173973000000,14432000000,131968000000,1924000000,28020000000,133064000000,51737000000,47715000000,50774000000,6555000000,44219000000,125914000000,3794000000,117536000000,12769000000,13561000000,173901000000,67486000000,12770000000,5387000000,5387000000,106415000000,60523000000,55136000000,60523000000,10527000000,12544000000,130236000000,44973000000,81896000000,7546000000,2020-12-31,28882000000,42558000000,20907000000,14194000000,17897000000,6086000000,4899000000,11612000000,571000000,627000000,18337000000,2874000000,18908000000,19535000000,15463000000,12516000000,576000000,-2914000000,3989000000,627000000,4174000000,4008000000,-788000000,15463000000,-1669000000,-13634000000,0,6535000000,6535000000,4230000000,4230000000,302000000,-6233000000,-2773000000.0,1.64,2.03,23.69
308879000000,165614000000,13702000000,125407000000,2245000000,27129000000,146065000000,54945000000,49681000000,57825000000,8127000000,49698000000,118220000000,5395000000,111705000000,11640000000,14427000000,174374000000,72193000000,13412000000,8051000000,8051000000,102181000000,58058000000,50007000000,58058000000,10450000000,12941000000,134505000000,50735000000,82308000000,7534000000,2021-03-31,28661000000,41059000000,20070000000,13045000000,17048000000,6409000000,5204000000,12229000000,633000000,616000000,17236000000,1779000000,17869000000,18485000000,15457000000,22179000000,633000000,3146000000,446000000,616000000,5089000000,-290000000,329000000,15457000000,-9684000000,-13192000000,0,6930000000,6930000000,4221000000,4221000000,396000000,-6534000000,-730000000.0,1.78,1.95,9.63
333779000000,184406000000,14224000000,130334000000,2636000000,39008000000,152773000000,59715000000,51351000000,57511000000,7800000000,49711000000,122266000000,5984000000,116110000000,13393000000,15075000000,191791000000,88657000000,15163000000,8072000000,10825000000,103134000000,58146000000,50074000000,58146000000,11666000000,13427000000,141988000000,57055000000,83111000000,7519000000,2021-06-30,32161000000,45595000000,22025000000,13991000000,19095000000,7379000000,5687000000,13721000000,553000000,655000000,19405000000,2947000000,19958000000,20613000000,16458000000,22710000000,646000000,16880000000,15093000000,9955000000,6452000000,11606000000,388000000,16458000000,-10853000000,-11371000000,0,7177000000,7177000000,4214000000,4214000000,450000000,-6727000000,522000000.0,1.92,2.17,13.26
335418000000,174326000000,19165000000,130615000000,3411000000,28203000000,164492000000,63772000000,52469000000,58249000000,7794000000,50455000000,122731000000,6393000000,111450000000,12951000000,21103000000,183440000000,80528000000,14832000000,3249000000,6180000000,102912000000,53288000000,50039000000,53288000000,10816000000,14346000000,151978000000,66944000000,83751000000,7510000000,2021-09-30,31671000000,44743000000,20145000000,13646000000,20238000000,5834000000,5599000000,12098000000,539000000,665000000,20524000000,19000000,21063000000,21728000000,20505000000,24540000000,670000000,-4596000000,-10051000000,665000000,5810000000,-10486000000,777000000,20505000000,-3250000000,-16276000000,0,7684000000,7684000000,4206000000,4206000000,612000000,-7072000000,4941000000.0,2.07,2.27,9.41
340389000000,174188000000,20604000000,125369000000,3019000000,34507000000,169701000000,67214000000,55277000000,58383000000,7462000000,50921000000,118260000000,6994000000,104765000000,12280000000,21256000000,180379000000,77510000000,15314000000,4998000000,4998000000,102869000000,53258000000,48260000000,53258000000,11684000000,14747000000,160010000000,75045000000,84528000000,7500000000,2021-12-31,34768000000,51228000000,24433000000,16960000000,22247000000,6763000000,5758000000,13231000000,525000000,710000000,22515000000,3750000000,23040000000,23750000000,18765000000,14480000000,548000000,-4327000000,5227000000,710000000,5865000000,5543000000,-394000000,18765000000,-1161000000,-11986000000,0,7433000000,7433000000,4652000000,4652000000,291000000,-7142000000,1439000000.0,2.31,2.48,7.25
344607000000,153922000000,12498000000,104693000000,3296000000,33613000000,194285000000,70298000000,58053000000,78719000000,11348000000,67371000000,96125000000,6907000000,92195000000,13320000000,21845000000,181683000000,77439000000,16085000000,1749000000,1749000000,104244000000,49926000000,48177000000,49926000000,11865000000,15154000000,162924000000,79633000000,85767000000,7483000000,2022-03-31,33745000000,48732000000,23481000000,15615000000,20364000000,7075000000,6306000000,14172000000,503000000,791000000,20190000000,3462000000,20693000000,21484000000,16728000000,25386000000,835000000,3127000000,55000000,791000000,5340000000,-857000000,279000000,16728000000,-16171000000,-17345000000,0,8822000000,8822000000,4645000000,4645000000,477000000,-8345000000,-8106000000.0,2.19,2.22,1.6
364840000000,169684000000,13931000000,104757000000,3742000000,45261000000,198956000000,74398000000,59660000000,78822000000,11298000000,67524000000,95583000000,6891000000,90826000000,16924000000,21897000000,198298000000,95082000000,19000000000,2749000000,6037000000,103216000000,49781000000,47032000000,49781000000,13067000000,15526000000,166542000000,84281000000,86939000000,7464000000,2022-06-30,35436000000,51406000000,25283000000,16429000000,20534000000,8053000000,6849000000,15703000000,496000000,801000000,20487000000,3747000000,20983000000,21784000000,16740000000,24629000000,744000000,17713000000,16240000000,13401000000,6871000000,12634000000,461000000,16740000000,-9729000000,-13269000000,0,8757000000,8757000000,4632000000,4632000000,461000000,-8296000000,1574000000.0,2.29,2.23,-2.74
359784000000,160812000000,22884000000,107262000000,4268000000,32015000000,202772000000,77037000000,60638000000,78267000000,10808000000,67459000000,99146000000,6839000000,84378000000,18003000000,23482000000,186218000000,87389000000,16609000000,3248000000,3248000000,98829000000,48622000000,45374000000,48622000000,12058000000,15311000000,173566000000,92374000000,88535000000,7457000000,2022-09-30,34670000000,49636000000,22798000000,15452000000,21518000000,6524000000,6628000000,13974000000,500000000,822000000,21572000000,4016000000,22072000000,22894000000,17556000000,23198000000,767000000,-8315000000,-10188000000,822000000,6283000000,-11729000000,543000000,17556000000,-3132000000,-10883000000,0,5573000000,5573000000,4621000000,4621000000,575000000,-4998000000,9183000000.0,2.3,2.35,2.05
364552000000,157823000000,15646000000,99508000000,2980000000,36378000000,210929000000,82755000000,63459000000,78259000000,10354000000,67905000000,91155000000,7097000000,83862000000,19502000000,24994000000,181416000000,81718000000,15354000000,3997000000,3997000000,99698000000,48116000000,44119000000,48116000000,12802000000,16479000000,183136000000,99368000000,90225000000,7447000000,2022-12-31,35259000000,52032000000,27393000000,17488000000,20399000000,8016000000,6844000000,16749000000,490000000,1089000000,20339000000,3914000000,20829000000,21918000000,16425000000,11173000000,764000000,-8031000000,2316000000,1089000000,6274000000,3164000000,-1305000000,16425000000,-7150000000,-11349000000,0,5459000000,5459000000,5066000000,5066000000,243000000,-5216000000,-7326000000.0,2.29,2.32,1.09
380088000000,163889000000,26562000000,104427000000,2877000000,38137000000,220499000000,88132000000,65998000000,77819000000,9879000000,67940000000,95186000000,9415000000,77865000000,19165000000,26954000000,185405000000,85691000000,15305000000,6245000000,6245000000,99714000000,48210000000,41965000000,48210000000,12664000000,17437000000,194683000000,108234000000,92093000000,7437000000,2023-03-31,36729000000,52405000000,24481000000,16128000000,22352000000,7393000000,6984000000,15337000000,496000000,960000000,22673000000,4374000000,23169000000,24129000000,18299000000,24441000000,822000000,2547000000,704000000,960000000,6607000000,1408000000,-106000000,18299000000,-3264000000,-10290000000,0,5509000000,5509000000,5059000000,5059000000,536000000,-4973000000,10887000000.0,2.23,2.45,9.81
411976000000,184257000000,34704000000,111262000000,2500000000,48688000000,232219000000,95641000000,68251000000,77252000000,9366000000,67886000000,95599000000,9879000000,76558000000,21807000000,30601000000,205753000000,104149000000,18095000000,5247000000,0,101604000000,47237000000,41990000000,47237000000,14745000000,17981000000,206223000000,118848000000,93718000000,7432000000,2023-06-30,39394000000,55659000000,26154000000,16795000000,24254000000,8401000000,6739000000,16098000000,482000000,958000000,24727000000,4646000000,25209000000,26167000000,20081000000,28770000000,854000000,19080000000,14837000000,11958000000,8943000000,11244000000,-374000000,20081000000,-9134000000,-11413000000,0,5704000000,5704000000,5054000000,5054000000,512000000,-5192000000,10887000000.0,2.55,2.69,5.49
445785000000,207586000000,80452000000,143951000000,3000000000,36953000000,242699000000,102502000000,69486000000,76685000000,8895000000,67790000000,68750000000,11423000000,63499000000,23682000000,32154000000,225071000000,124792000000,19307000000,29556000000,25808000000,100279000000,45694000000,41946000000,71502000000,14475000000,18634000000,220714000000,132143000000,95508000000,7431000000,2023-09-30,40215000000,56029000000,23979000000,16302000000,26895000000,6661000000,6659000000,14336000000,525000000,1016000000,27284000000,4993000000,27809000000,28825000000,22291000000,30583000000,944000000,-5302000000,-7720000000,1016000000,9917000000,-11034000000,505000000,22291000000,503000000,14761000000,18692000000,4831000000,4831000000,5051000000,5051000000,685000000,-4146000000,10887000000.0,2.65,2.99,12.7
470558000000,147393000000,17305000000,81017000000,1615000000,42831000000,327965000000,112308000000,72949000000,148827000000,29896000000,118931000000,71482000000,13367000000,63712000000,21930000000,32265000000,232290000000,121016000000,17695000000,29291000000,27041000000,111274000000,47178000000,44928000000,74219000000,16362000000,20787000000,238268000000,145737000000,97480000000,7432000000,2023-12-31,42397000000,60849000000,29554000000,19623000000,27032000000,8223000000,7142000000,17073000000,909000000,1708000000,26526000000,4656000000,27435000000,29143000000,21870000000,18853000000,971000000,-8121000000,2179000000,1708000000,9735000000,2951000000,-1474000000,21870000000,-71925000000,-10147000000,-8490000000,4000000000,4000000000,5574000000,5574000000,261000000,-3739000000,10887000000.0,2.78,2.93,5.34
484275000000,147180000000,19634000000,80021000000,1304000000,44029000000,341895000000,121375000000,74945000000,147991000000,28828000000,119163000000,69791000000,14807000000,60387000000,21826000000,35551000000,231123000000,118525000000,18087000000,22749000000,20500000000,112598000000,44907000000,42658000000,65407000000,18023000000,23271000000,253152000000,159394000000,99193000000,7433000000,2024-03-31,43353000000,60911000000,28477000000,18505000000,27581000000,8119000000,7653000000,17625000000,800000000,1853000000,26727000000,4788000000,27527000000,29380000000,21939000000,31917000000,1026000000,5476000000,2954000000,1853000000,10952000000,2028000000,-260000000,21939000000,-10700000000,-18808000000,-3810000000,4213000000,4213000000,5572000000,5572000000,522000000,-3691000000,10887000000.0,2.82,2.94,4.32
523013000000,149926000000,20840000000,78428000000,1626000000,44148000000,377887000000,152863000000,80517000000,146125000000,26751000000,119374000000,75379000000,15778000000,57588000000,25724000000,37793000000,235290000000,115200000000,22768000000,2249000000,0,120090000000,45117000000,42868000000,45117000000,19114000000,31165000000,287723000000,188929000000,102976000000,7436000000,2024-09-30,45486000000,65488000000,29585000000,20099000000,30552000000,7390000000,7544000000,17030000000,582000000,2096000000,30269000000,5602000000,30552000000,32648000000,24667000000,34180000000,1482000000,-10965000000,-11821000000,2096000000,14923000000,-14037000000,373000000,24667000000,-15201000000,-16576000000,-5746000000,4107000000,4107000000,5574000000,5574000000,706000000,-3401000000,10887000000.0,3.1,3.3,6.52
533898000000,147080000000,17482000000,71555000000,909000000,48188000000,391718000000,166902000000,82820000000,144576000000,25385000000,119191000000,70564000000,15581000000,54073000000,26428000000,36943000000,231203000000,108882000000,22608000000,5248000000,0,122321000000,44970000000,39722000000,44970000000,20286000000,35906000000,302695000000,203482000000,104829000000,7435000000,2024-12-31,47833000000,69355000000,32392000000,21799000000,31653000000,8263000000,7917000000,18510000000,594000000,2330000000,29365000000,5257000000,31653000000,33983000000,24108000000,22291000000,1281000000,-4842000000,6709000000,2330000000,15804000000,5978000000,-711000000,24108000000,-14112000000,-11243000000,0,4986000000,4986000000,6170000000,6170000000,256000000,-4730000000,10887000000.0,3.11,3.23,3.82
